{
    "Aaron Brooks": {
        "FPPG": 14.6, 
        "salary": 4000
    }, 
    "Aaron Gordon": {
        "FPPG": 18.800000000000001, 
        "salary": 4100
    }, 
    "Adreian Payne": {
        "FPPG": 6.5999999999999996, 
        "salary": 3500
    }, 
    "Al Horford": {
        "FPPG": 34.299999999999997, 
        "salary": 7600
    }, 
    "Al-Farouq Aminu": {
        "FPPG": 27.600000000000001, 
        "salary": 5800
    }, 
    "Allen Crabbe": {
        "FPPG": 10.300000000000001, 
        "salary": 3500
    }, 
    "Andre Drummond": {
        "FPPG": 46.700000000000003, 
        "salary": 9300
    }, 
    "Andre Iguodala": {
        "FPPG": 23.0, 
        "salary": 4700
    }, 
    "Andre Miller": {
        "FPPG": 3.5, 
        "salary": 3500
    }, 
    "Andrew Bogut": {
        "FPPG": 29.5, 
        "salary": 5400
    }, 
    "Andrew Nicholson": {
        "FPPG": 0.20000000000000001, 
        "salary": 3500
    }, 
    "Andrew Wiggins": {
        "FPPG": 22.899999999999999, 
        "salary": 6900
    }, 
    "Anthony Tolliver": {
        "FPPG": 10.1, 
        "salary": 3800
    }, 
    "Aron Baynes": {
        "FPPG": 8.1999999999999993, 
        "salary": 3500
    }, 
    "Austin Rivers": {
        "FPPG": 10.6, 
        "salary": 3500
    }, 
    "Ben McLemore": {
        "FPPG": 9.0999999999999996, 
        "salary": 3600
    }, 
    "Beno Udrih": {
        "FPPG": 12.699999999999999, 
        "salary": 3600
    }, 
    "Blake Griffin": {
        "FPPG": 47.399999999999999, 
        "salary": 10200
    }, 
    "Boban Marjanovic": {
        "FPPG": 5.2000000000000002, 
        "salary": 3500
    }, 
    "Bobby Portis": {
        "FPPG": 11.4, 
        "salary": 3700
    }, 
    "Boris Diaw": {
        "FPPG": 15.0, 
        "salary": 3900
    }, 
    "Brandan Wright": {
        "FPPG": 14.1, 
        "salary": 3700
    }, 
    "Branden Dawson": {
        "FPPG": 0.0, 
        "salary": 3500
    }, 
    "Brandon Rush": {
        "FPPG": 5.5999999999999996, 
        "salary": 3500
    }, 
    "C.J. McCollum": {
        "FPPG": 32.799999999999997, 
        "salary": 6600
    }, 
    "C.J. Miles": {
        "FPPG": 19.100000000000001, 
        "salary": 4700
    }, 
    "C.J. Watson": {
        "FPPG": 14.0, 
        "salary": 3700
    }, 
    "C.J. Wilcox": {
        "FPPG": 2.7999999999999998, 
        "salary": 3500
    }, 
    "Cameron Bairstow": {
        "FPPG": 3.2000000000000002, 
        "salary": 3500
    }, 
    "Caron Butler": {
        "FPPG": 4.7999999999999998, 
        "salary": 3500
    }, 
    "Channing Frye": {
        "FPPG": 6.2999999999999998, 
        "salary": 3600
    }, 
    "Chase Budinger": {
        "FPPG": 6.7000000000000002, 
        "salary": 3600
    }, 
    "Chris Kaman": {
        "FPPG": 0.0, 
        "salary": 3900
    }, 
    "Chris Paul": {
        "FPPG": 34.5, 
        "salary": 9400
    }, 
    "Christian Wood": {
        "FPPG": 2.3999999999999999, 
        "salary": 3500
    }, 
    "Cliff Alexander": {
        "FPPG": 0.0, 
        "salary": 3500
    }, 
    "Cole Aldrich": {
        "FPPG": 0.5, 
        "salary": 3600
    }, 
    "Courtney Lee": {
        "FPPG": 17.800000000000001, 
        "salary": 4000
    }, 
    "Cristiano Felicio": {
        "FPPG": 0.0, 
        "salary": 3500
    }, 
    "Damian Lillard": {
        "FPPG": 40.100000000000001, 
        "salary": 8900
    }, 
    "Damjan Rudez": {
        "FPPG": 1.1000000000000001, 
        "salary": 3500
    }, 
    "Danilo Gallinari": {
        "FPPG": 29.199999999999999, 
        "salary": 6700
    }, 
    "Danny Green": {
        "FPPG": 17.600000000000001, 
        "salary": 4300
    }, 
    "Darrell Arthur": {
        "FPPG": 13.300000000000001, 
        "salary": 3500
    }, 
    "Darren Collison": {
        "FPPG": 24.699999999999999, 
        "salary": 5500
    }, 
    "Darrun Hilliard": {
        "FPPG": 0.0, 
        "salary": 3500
    }, 
    "David West": {
        "FPPG": 9.9000000000000004, 
        "salary": 4200
    }, 
    "DeAndre Jordan": {
        "FPPG": 34.299999999999997, 
        "salary": 8000
    }, 
    "DeMarcus Cousins": {
        "FPPG": 38.0, 
        "salary": 10300
    }, 
    "Dennis Schroder": {
        "FPPG": 20.600000000000001, 
        "salary": 4600
    }, 
    "Derrick Rose": {
        "FPPG": 23.0, 
        "salary": 6900
    }, 
    "Dewayne Dedmon": {
        "FPPG": 19.199999999999999, 
        "salary": 4100
    }, 
    "Doug McDermott": {
        "FPPG": 13.4, 
        "salary": 3700
    }, 
    "Draymond Green": {
        "FPPG": 30.699999999999999, 
        "salary": 7600
    }, 
    "Duje Dukan": {
        "FPPG": 0.0, 
        "salary": 3500
    }, 
    "E'Twaun Moore": {
        "FPPG": 8.5, 
        "salary": 3500
    }, 
    "Ed Davis": {
        "FPPG": 18.699999999999999, 
        "salary": 4800
    }, 
    "Elfrid Payton": {
        "FPPG": 22.300000000000001, 
        "salary": 6500
    }, 
    "Emmanuel Mudiay": {
        "FPPG": 23.800000000000001, 
        "salary": 5600
    }, 
    "Eric Moreland": {
        "FPPG": 2.5, 
        "salary": 3500
    }, 
    "Erick Green": {
        "FPPG": 0.90000000000000002, 
        "salary": 3500
    }, 
    "Ersan Ilyasova": {
        "FPPG": 15.9, 
        "salary": 4700
    }, 
    "Evan Fournier": {
        "FPPG": 27.800000000000001, 
        "salary": 5400
    }, 
    "Festus Ezeli": {
        "FPPG": 23.300000000000001, 
        "salary": 4400
    }, 
    "Gary Harris": {
        "FPPG": 16.399999999999999, 
        "salary": 3900
    }, 
    "George Hill": {
        "FPPG": 26.100000000000001, 
        "salary": 6500
    }, 
    "Gerald Henderson": {
        "FPPG": 20.5, 
        "salary": 5100
    }, 
    "Glenn Robinson III": {
        "FPPG": 12.199999999999999, 
        "salary": 3500
    }, 
    "Gorgui Dieng": {
        "FPPG": 15.1, 
        "salary": 4400
    }, 
    "Harrison Barnes": {
        "FPPG": 24.800000000000001, 
        "salary": 5300
    }, 
    "Hollis Thompson": {
        "FPPG": 17.100000000000001, 
        "salary": 3800
    }, 
    "Ian Clark": {
        "FPPG": 7.5, 
        "salary": 3500
    }, 
    "Ian Mahinmi": {
        "FPPG": 18.199999999999999, 
        "salary": 4500
    }, 
    "Isaiah Canaan": {
        "FPPG": 20.0, 
        "salary": 5000
    }, 
    "J.J. Hickson": {
        "FPPG": 14.699999999999999, 
        "salary": 3900
    }, 
    "J.J. Redick": {
        "FPPG": 19.899999999999999, 
        "salary": 4900
    }, 
    "JaMychal Green": {
        "FPPG": 13.1, 
        "salary": 3500
    }, 
    "Jahlil Okafor": {
        "FPPG": 28.300000000000001, 
        "salary": 5900
    }, 
    "Jakarr Sampson": {
        "FPPG": 7.2000000000000002, 
        "salary": 3500
    }, 
    "Jamal Crawford": {
        "FPPG": 15.1, 
        "salary": 4500
    }, 
    "Jameer Nelson": {
        "FPPG": 17.600000000000001, 
        "salary": 4500
    }, 
    "James Anderson": {
        "FPPG": 7.2999999999999998, 
        "salary": 3500
    }, 
    "James Michael McAdoo": {
        "FPPG": 5.7999999999999998, 
        "salary": 3500
    }, 
    "Jarell Martin": {
        "FPPG": 0.0, 
        "salary": 3500
    }, 
    "Jarnell Stokes": {
        "FPPG": 1.2, 
        "salary": 3500
    }, 
    "Jason Smith": {
        "FPPG": 10.300000000000001, 
        "salary": 3500
    }, 
    "Jason Thompson": {
        "FPPG": 7.2999999999999998, 
        "salary": 4300
    }, 
    "Jeff Green": {
        "FPPG": 14.0, 
        "salary": 4100
    }, 
    "Jeff Teague": {
        "FPPG": 32.0, 
        "salary": 7400
    }, 
    "Jerami Grant": {
        "FPPG": 19.800000000000001, 
        "salary": 4100
    }, 
    "Jimmy Butler": {
        "FPPG": 35.600000000000001, 
        "salary": 7900
    }, 
    "Joakim Noah": {
        "FPPG": 17.100000000000001, 
        "salary": 4400
    }, 
    "Jodie Meeks": {
        "FPPG": 1.7, 
        "salary": 3600
    },